Id,FirstName,LastName,Company,Address,City,State,Country,PostalCode,Phone,Fax,Email,SupportRepId
60,Wendolin,Alemán,Grupo Bustos y Casares,"595 Edif. 486 , Depto. 208",San Rafaél de la Montaña,Colima,Bangladesh,41417,(464)732-0539,1-500-298-5609x4857,sergiocepeda@oquendo.com,7
61,Bernardo,Caldera,Parra y Gallegos S.A. de C.V.,"469 Edif. 703 , Depto. 410",Vieja Grecia,Quintana Roo,Bolivia,75817-6965,(227)001-4233,(685)032-3226x31225,gdiaz@munguia-melgar.net,7
62,Renato,Galván,Miramontes y Galindo S.A. de C.V.,609 507,San Cornelio los bajos,San Luis Potosí,Afganistán,84335-8589,(658)580-7379,726-387-9376x2372,cecilia76@gmail.com,3
63,Víctor,Rivas,Rangel-Ceballos S.A.,726 510,San Lorenzo los altos,México,Portugal,24693-3895,(306)852-2469x35541,146-663-5931x10189,alta-graciaguillen@proyectos.com,8
64,Tania,Espino,Despacho Dueñas-Reyes,674 310,San Itzel los bajos,Nuevo León,Azerbaiyán,86491,06624287329,1-412-247-2486x88300,ariadna00@medina-ortega.com,4
65,Verónica,Valadez,Herrera-Ybarra S.A.,189 836,San Claudia de la Montaña,Tlaxcala,Uzbekistán,56888-4566,395.017.0940x013,018.515.7384x5825,sergioresendez@hotmail.com,1
66,Mariano,Valdés,Proyectos Morales-Lebrón,887 Interior 674,San Emiliano los altos,Durango,Liberia,96552,+07(0)0147348811,(057)493-4520x2100,zesquivel@club.com,2
67,María Luisa,de la Crúz,Alfaro-Gaona e Hijos,765 Interior 342,San Olivia de la Montaña,Guanajuato,Finlandia,97190-1933,09884327827,1-721-778-3515x2215,balderasasuncion@gallardo.com,7
68,Bernardo,Romo,"Rangel, Colón y Ponce","882 Edif. 441 , Depto. 640",San Isaac de la Montaña,Durango,Marruecos,27857-2644,1-690-688-6916x7400,1-948-601-9030x01358,dojeda@vela.com,1
69,Catalina,Arroyo,Corral-Bahena,558 875,Nueva Guinea Ecuatorial,Yucatán,Camboya,83472-4023,06400649953,086-515-4113,corderotomas@medina.com,3
70,Ernesto,Saavedra,Abreu-Armenta,621 Interior 741,San Esmeralda los altos,Oaxaca,Suriname,16663,(252)353-9090x837,1-596-339-8530,avaldivia@corporacin.org,8
